classification_id,user_name,user_id,user_ip,workflow_id,workflow_name,workflow_version,created_at,gold_standard,expert,metadata,annotations,subject_data,subject_ids
114996432,not-logged-in-e6dac9dc08c249e59599,,e6dac9dc08c249e59599,3449,Measure Leaves,5.8,2018-06-21 11:56,,,"{""session"":""a48cbdd3864ab08ddb647daf0beaeb7deef163bb441abc320a3dd1f2759f6982"",""viewport"":{""width"":1920,""height"":1080},""started_at"":""2017-06-21T19:02:41.314Z"",""user_agent"":""Mozilla/5.0 (Windows NT 6.3; Win64; x64) AppleWebKit/537.36 (KHTML, like Gecko) Chrome/58.0.3029.110 Safari/537.36"",""utc_offset"":""18000"",""finished_at"":""2017-06-21T19:02:44.384Z"",""live_project"":true,""user_language"":""en"",""subject_dimensions"":[{""clientWidth"":720,""clientHeight"":534,""naturalWidth"":720,""naturalHeight"":534}]}","[{""task"":""T0"",""task_label"":""Drag your finger to draw lines to mark the **width** and **length** of the microleaves in the image on the left. "",""value"":[]}]","{""8735433"":{""retired"":{""id"":5342615,""workflow_id"":3449,""classifications_count"":271,""created_at"":""2017-04-04T16:42:54.620Z"",""updated_at"":""2017-04-18T16:27:20.197Z"",""retired_at"":""2017-04-18T16:27:20.067Z"",""subject_id"":8735433,""retirement_reason"":""classification_count""},"""":"""",""latitude"":""-29.26666667"",""longitude"":""-177.9166667"",""image_name"":""Dna_F063_stem_100x_00116.jpg"",""collector_name"":""R.J. Stanley"",""data_collected"":""Dec 31, 2001"",""other comments"":""on fallen pohutukawa, with Metalejeunea""}}",8735433
114998489,not-logged-in-e6dac9dc08c249e59599,,e6dac9dc08c249e59599,3449,Measure Leaves,5.8,2018-06-21 12:16,,,"{""session"":""a48cbdd3864ab08ddb647daf0beaeb7deef163bb441abc320a3dd1f2759f6982"",""viewport"":{""width"":1920,""height"":1080},""started_at"":""2017-06-21T19:19:39.622Z"",""user_agent"":""Mozilla/5.0 (Windows NT 6.3; Win64; x64) AppleWebKit/537.36 (KHTML, like Gecko) Chrome/58.0.3029.110 Safari/537.36"",""utc_offset"":""18000"",""finished_at"":""2017-06-21T19:20:36.849Z"",""live_project"":true,""user_language"":""en"",""subject_dimensions"":[{""clientWidth"":720,""clientHeight"":534,""naturalWidth"":720,""naturalHeight"":534}]}","[{""task"":""T0"",""task_label"":""Drag your finger to draw lines to mark the **width** and **length** of the microleaves in the image on the left. "",""value"":[{""x1"":362,""x2"":311,""y1"":186,""y2"":277,""tool"":0,""frame"":0,""details"":[],""tool_label"":""Leaf Ruler""},{""x1"":496,""x2"":495,""y1"":384,""y2"":455,""tool"":0,""frame"":0,""details"":[],""tool_label"":""Leaf Ruler""},{""x1"":578,""x2"":599,""y1"":228,""y2"":321,""tool"":0,""frame"":0,""details"":[],""tool_label"":""Leaf Ruler""},{""x1"":676,""x2"":657,""y1"":176,""y2"":99,""tool"":0,""frame"":0,""details"":[],""tool_label"":""Leaf Ruler""},{""x1"":468,""x2"":389,""y1"":89,""y2"":91,""tool"":0,""frame"":0,""details"":[],""tool_label"":""Leaf Ruler""},{""x1"":236,""x2"":322,""y1"":334,""y2"":336,""tool"":0,""frame"":0,""details"":[],""tool_label"":""Leaf Ruler""},{""x1"":517,""x2"":654,""y1"":308,""y2"":241,""tool"":0,""frame"":0,""details"":[],""tool_label"":""Leaf Ruler""},{""x1"":430,""x2"":422,""y1"":9,""y2"":103,""tool"":0,""frame"":0,""details"":[],""tool_label"":""Leaf Ruler""},{""x1"":422,""x2"":423,""y1"":103,""y2"":157,""tool"":0,""frame"":0,""details"":[],""tool_label"":""Leaf Ruler""},{""x1"":143,""x2"":225,""y1"":435,""y2"":423,""tool"":0,""frame"":0,""details"":[],""tool_label"":""Leaf Ruler""},{""x1"":434,""x2"":550,""y1"":445,""y2"":395,""tool"":0,""frame"":0,""details"":[],""tool_label"":""Leaf Ruler""},{""x1"":287,""x2"":278,""y1"":283,""y2"":429,""tool"":0,""frame"":0,""details"":[],""tool_label"":""Leaf Ruler""},{""x1"":200,""x2"":181,""y1"":352,""y2"":506,""tool"":0,""frame"":0,""details"":[],""tool_label"":""Leaf Ruler""},{""x1"":327,""x2"":356,""y1"":171,""y2"":303,""tool"":0,""frame"":0,""details"":[],""tool_label"":""Leaf Ruler""},{""x1"":605,""x2"":725,""y1"":176,""y2"":104,""tool"":0,""frame"":0,""details"":[],""tool_label"":""Leaf Ruler""}]}]","{""8735435"":{""retired"":{""id"":5266526,""workflow_id"":3449,""classifications_count"":1288,""created_at"":""2017-04-03T21:06:07.215Z"",""updated_at"":""2017-04-20T00:09:43.383Z"",""retired_at"":""2017-04-20T00:09:43.341Z"",""subject_id"":8735435,""retirement_reason"":""classification_count""},"""":"""",""latitude"":""-29.26666667"",""longitude"":""-177.9166667"",""image_name"":""Dna_F063_stem_100x_00119.jpg"",""collector_name"":""R.J. Stanley"",""data_collected"":""Dec 31, 2001"",""other comments"":""on fallen pohutukawa, with Metalejeunea""}}",8735435
114998849,not-logged-in-e6dac9dc08c249e59599,,e6dac9dc08c249e59599,3449,Measure Leaves,5.8,2018-06-21 12:19,,,"{""session"":""a48cbdd3864ab08ddb647daf0beaeb7deef163bb441abc320a3dd1f2759f6982"",""viewport"":{""width"":1920,""height"":1080},""started_at"":""2017-06-21T19:20:39.391Z"",""user_agent"":""Mozilla/5.0 (Windows NT 6.3; Win64; x64) AppleWebKit/537.36 (KHTML, like Gecko) Chrome/58.0.3029.110 Safari/537.36"",""utc_offset"":""18000"",""finished_at"":""2017-06-21T19:21:02.587Z"",""live_project"":true,""user_language"":""en"",""subject_dimensions"":[{""clientWidth"":720,""clientHeight"":534,""naturalWidth"":720,""naturalHeight"":534}]}","[{""task"":""T0"",""task_label"":""Drag your finger to draw lines to mark the **width** and **length** of the microleaves in the image on the left. "",""value"":[{""x1"":505,""x2"":620,""y1"":81,""y2"":200,""tool"":0,""frame"":0,""details"":[],""tool_label"":""Leaf Ruler""},{""x1"":504,""x2"":564,""y1"":146,""y2"":92,""tool"":0,""frame"":0,""details"":[],""tool_label"":""Leaf Ruler""},{""x1"":343,""x2"":458,""y1"":90,""y2"":201,""tool"":0,""frame"":0,""details"":[],""tool_label"":""Leaf Ruler""},{""x1"":364,""x2"":432,""y1"":165,""y2"":101,""tool"":0,""frame"":0,""details"":[],""tool_label"":""Leaf Ruler""},{""x1"":208,""x2"":321,""y1"":89,""y2"":205,""tool"":0,""frame"":0,""details"":[],""tool_label"":""Leaf Ruler""},{""x1"":230,""x2"":290,""y1"":166,""y2"":108,""tool"":0,""frame"":0,""details"":[],""tool_label"":""Leaf Ruler""},{""x1"":42,""x2"":150,""y1"":99,""y2"":205,""tool"":0,""frame"":0,""details"":[],""tool_label"":""Leaf Ruler""},{""x1"":53,""x2"":115,""y1"":169,""y2"":103,""tool"":0,""frame"":0,""details"":[],""tool_label"":""Leaf Ruler""},{""x1"":1,""x2"":75,""y1"":444,""y2"":354,""tool"":0,""frame"":0,""details"":[],""tool_label"":""Leaf Ruler""},{""x1"":2,""x2"":57,""y1"":366,""y2"":434,""tool"":0,""frame"":0,""details"":[],""tool_label"":""Leaf Ruler""},{""x1"":123,""x2"":249,""y1"":464,""y2"":345,""tool"":0,""frame"":0,""details"":[],""tool_label"":""Leaf Ruler""},{""x1"":132,""x2"":191,""y1"":394,""y2"":466,""tool"":0,""frame"":0,""details"":[],""tool_label"":""Leaf Ruler""},{""x1"":325,""x2"":320,""y1"":349,""y2"":475,""tool"":0,""frame"":0,""details"":[],""tool_label"":""Leaf Ruler""},{""x1"":284,""x2"":413,""y1"":420,""y2"":395,""tool"":0,""frame"":0,""details"":[],""tool_label"":""Leaf Ruler""},{""x1"":429,""x2"":490,""y1"":445,""y2"":350,""tool"":0,""frame"":0,""details"":[],""tool_label"":""Leaf Ruler""},{""x1"":439,""x2"":517,""y1"":368,""y2"":455,""tool"":0,""frame"":0,""details"":[],""tool_label"":""Leaf Ruler""},{""x1"":540,""x2"":685,""y1"":447,""y2"":402,""tool"":0,""frame"":0,""details"":[],""tool_label"":""Leaf Ruler""},{""x1"":599,""x2"":676,""y1"":357,""y2"":478,""tool"":0,""frame"":0,""details"":[],""tool_label"":""Leaf Ruler""}]}]","{""8735439"":{""retired"":{""id"":5262430,""workflow_id"":3449,""classifications_count"":281,""created_at"":""2017-04-03T17:49:53.309Z"",""updated_at"":""2017-04-18T16:33:24.376Z"",""retired_at"":""2017-04-18T16:33:24.363Z"",""subject_id"":8735439,""retirement_reason"":""classification_count""},"""":"""",""latitude"":""-54.97083333"",""longitude"":""-69.13055556"",""image_name"":""JE_26184_br_x100_00041.jpg"",""collector_name"":""John J. Engel"",""data_collected"":""Jan 19, 2005"",""other comments"":""On trunk of large Nothofagus betuloides.""}}",8735439
114998858,not-logged-in-e6dac9dc08c249e59599,,e6dac9dc08c249e59599,3449,Measure Leaves,5.8,2018-06-21 12:19,,,"{""session"":""a48cbdd3864ab08ddb647daf0beaeb7deef163bb441abc320a3dd1f2759f6982"",""viewport"":{""width"":1920,""height"":1080},""started_at"":""2017-06-21T19:21:10.202Z"",""user_agent"":""Mozilla/5.0 (Windows NT 6.3; Win64; x64) AppleWebKit/537.36 (KHTML, like Gecko) Chrome/58.0.3029.110 Safari/537.36"",""utc_offset"":""18000"",""finished_at"":""2017-06-21T19:21:10.482Z"",""live_project"":true,""user_language"":""en"",""subject_dimensions"":[{""clientWidth"":720,""clientHeight"":534,""naturalWidth"":720,""naturalHeight"":534}]}","[{""task"":""T0"",""task_label"":""Drag your finger to draw lines to mark the **width** and **length** of the microleaves in the image on the left. "",""value"":[]}]","{""8735436"":{""retired"":{""id"":5358844,""workflow_id"":3449,""classifications_count"":1356,""created_at"":""2017-04-04T17:41:45.447Z"",""updated_at"":""2017-04-20T00:09:57.371Z"",""retired_at"":""2017-04-20T00:09:57.330Z"",""subject_id"":8735436,""retirement_reason"":""classification_count""},"""":"""",""latitude"":""-41.95131"",""longitude"":""146.71142"",""image_name"":""F_1061443_br_F_X100_00058.jpg"",""collector_name"":""John J. Engel"",""data_collected"":""Jan 4, 2005"",""other comments"":""On bark""}}",8735436
114998861,not-logged-in-e6dac9dc08c249e59599,,e6dac9dc08c249e59599,3449,Measure Leaves,5.8,2018-06-21 12:19,,,"{""session"":""a48cbdd3864ab08ddb647daf0beaeb7deef163bb441abc320a3dd1f2759f6982"",""viewport"":{""width"":1920,""height"":1080},""started_at"":""2017-06-21T19:21:11.487Z"",""user_agent"":""Mozilla/5.0 (Windows NT 6.3; Win64; x64) AppleWebKit/537.36 (KHTML, like Gecko) Chrome/58.0.3029.110 Safari/537.36"",""utc_offset"":""18000"",""finished_at"":""2017-06-21T19:21:13.541Z"",""live_project"":true,""user_language"":""en"",""subject_dimensions"":[{""clientWidth"":720,""clientHeight"":534,""naturalWidth"":720,""naturalHeight"":534}]}","[{""task"":""T0"",""task_label"":""Drag your finger to draw lines to mark the **width** and **length** of the microleaves in the image on the left. "",""value"":[]}]","{""8735447"":{""retired"":{""id"":5265800,""workflow_id"":3449,""classifications_count"":1332,""created_at"":""2017-04-03T20:37:07.921Z"",""updated_at"":""2017-04-19T17:43:44.622Z"",""retired_at"":""2017-04-19T17:43:44.400Z"",""subject_id"":8735447,""retirement_reason"":""classification_count""},"""":"""",""latitude"":""-37.55259944"",""longitude"":""178.1640586"",""image_name"":""PDL_11610_br_S_X100_00123.jpg"",""collector_name"":""Peter de Lange"",""data_collected"":""Jan 25, 2009"",""other comments"":""On cobbled beach, corticolous on pohutukawa (Metrosideros excelsa)""}}",8735447
115000288,not-logged-in-e6dac9dc08c249e59599,,e6dac9dc08c249e59599,3449,Measure Leaves,5.8,2018-06-21 12:31,,,"{""session"":""a48cbdd3864ab08ddb647daf0beaeb7deef163bb441abc320a3dd1f2759f6982"",""viewport"":{""width"":1920,""height"":1080},""started_at"":""2017-06-21T19:21:14.710Z"",""user_agent"":""Mozilla/5.0 (Windows NT 6.3; Win64; x64) AppleWebKit/537.36 (KHTML, like Gecko) Chrome/58.0.3029.110 Safari/537.36"",""utc_offset"":""18000"",""finished_at"":""2017-06-21T19:39:27.688Z"",""live_project"":true,""user_language"":""en"",""subject_dimensions"":[{""clientWidth"":720,""clientHeight"":534,""naturalWidth"":720,""naturalHeight"":534}]}","[{""task"":""T0"",""task_label"":""Drag your finger to draw lines to mark the **width** and **length** of the microleaves in the image on the left. "",""value"":[{""x1"":511,""x2"":526,""y1"":181,""y2"":116,""tool"":0,""frame"":0,""details"":[],""tool_label"":""Leaf Ruler""},{""x1"":452,""x2"":581,""y1"":135,""y2"":165,""tool"":0,""frame"":0,""details"":[],""tool_label"":""Leaf Ruler""},{""x1"":345,""x2"":474,""y1"":120,""y2"":187,""tool"":0,""frame"":0,""details"":[],""tool_label"":""Leaf Ruler""},{""x1"":387,""x2"":426,""y1"":171,""y2"":113,""tool"":0,""frame"":0,""details"":[],""tool_label"":""Leaf Ruler""},{""x1"":225,""x2"":347,""y1"":110,""y2"":178,""tool"":0,""frame"":0,""details"":[],""tool_label"":""Leaf Ruler""},{""x1"":246,""x2"":294,""y1"":172,""y2"":106,""tool"":0,""frame"":0,""details"":[],""tool_label"":""Leaf Ruler""},{""x1"":73,""x2"":205,""y1"":126,""y2"":176,""tool"":0,""frame"":0,""details"":[],""tool_label"":""Leaf Ruler""},{""x1"":106,""x2"":143,""y1"":182,""y2"":113,""tool"":0,""frame"":0,""details"":[],""tool_label"":""Leaf Ruler""},{""x1"":21,""x2"":156,""y1"":356,""y2"":349,""tool"":0,""frame"":0,""details"":[],""tool_label"":""Leaf Ruler""},{""x1"":83,""x2"":90,""y1"":323,""y2"":390,""tool"":0,""frame"":0,""details"":[],""tool_label"":""Leaf Ruler""},{""x1"":151,""x2"":264,""y1"":400,""y2"":376,""tool"":0,""frame"":0,""details"":[],""tool_label"":""Leaf Ruler""},{""x1"":209,""x2"":215,""y1"":350,""y2"":422,""tool"":0,""frame"":0,""details"":[],""tool_label"":""Leaf Ruler""},{""x1"":271,""x2"":407,""y1"":393,""y2"":361,""tool"":0,""frame"":0,""details"":[],""tool_label"":""Leaf Ruler""},{""x1"":326,""x2"":339,""y1"":359,""y2"":428,""tool"":0,""frame"":0,""details"":[],""tool_label"":""Leaf Ruler""},{""x1"":410,""x2"":544,""y1"":402,""y2"":367,""tool"":0,""frame"":0,""details"":[],""tool_label"":""Leaf Ruler""},{""x1"":469,""x2"":491,""y1"":346,""y2"":414,""tool"":0,""frame"":0,""details"":[],""tool_label"":""Leaf Ruler""},{""x1"":555,""x2"":664,""y1"":377,""y2"":333,""tool"":0,""frame"":0,""details"":[],""tool_label"":""Leaf Ruler""},{""x1"":595,""x2"":618,""y1"":332,""y2"":388,""tool"":0,""frame"":0,""details"":[],""tool_label"":""Leaf Ruler""},{""x1"":682,""x2"":730,""y1"":362,""y2"":344,""tool"":0,""frame"":0,""details"":[],""tool_label"":""Leaf Ruler""},{""x1"":704,""x2"":718,""y1"":318,""y2"":382,""tool"":0,""frame"":0,""details"":[],""tool_label"":""Leaf Ruler""},{""x1"":578,""x2"":708,""y1"":115,""y2"":138,""tool"":0,""frame"":0,""details"":[],""tool_label"":""Leaf Ruler""},{""x1"":641,""x2"":641,""y1"":88,""y2"":168,""tool"":0,""frame"":0,""details"":[],""tool_label"":""Leaf Ruler""},{""x1"":698,""x2"":743,""y1"":42,""y2"":52,""tool"":0,""frame"":0,""details"":[],""tool_label"":""Leaf Ruler""},{""x1"":709,""x2"":721,""y1"":81,""y2"":16,""tool"":0,""frame"":0,""details"":[],""tool_label"":""Leaf Ruler""}]}]","{""8735431"":{""retired"":{""id"":5262704,""workflow_id"":3449,""classifications_count"":265,""created_at"":""2017-04-03T18:03:34.783Z"",""updated_at"":""2017-04-15T17:23:00.965Z"",""retired_at"":""2017-04-15T17:23:00.926Z"",""subject_id"":8735431,""retirement_reason"":""classification_count""},"""":"""",""latitude"":""-37.8228"",""longitude"":""178.28613"",""image_name"":""deLange_11688_F._rostrata_branch_10x_00077.jpg"",""collector_name"":""Peter de Lange"",""data_collected"":""May 13, 2005"",""other comments"":""On bark""}}",8735431
115001053,not-logged-in-e6dac9dc08c249e59599,,e6dac9dc08c249e59599,3449,Measure Leaves,5.8,2018-06-21 12:35,,,"{""session"":""a48cbdd3864ab08ddb647daf0beaeb7deef163bb441abc320a3dd1f2759f6982"",""viewport"":{""width"":1920,""height"":1080},""started_at"":""2017-06-21T19:39:36.581Z"",""user_agent"":""Mozilla/5.0 (Windows NT 6.3; Win64; x64) AppleWebKit/537.36 (KHTML, like Gecko) Chrome/58.0.3029.110 Safari/537.36"",""utc_offset"":""18000"",""finished_at"":""2017-06-21T19:44:54.565Z"",""live_project"":true,""user_language"":""en"",""subject_dimensions"":[{""clientWidth"":720,""clientHeight"":534,""naturalWidth"":720,""naturalHeight"":534}]}","[{""task"":""T0"",""task_label"":""Drag your finger to draw lines to mark the **width** and **length** of the microleaves in the image on the left. "",""value"":[{""x1"":39,""x2"":158,""y1"":480,""y2"":352,""tool"":0,""frame"":0,""details"":[],""tool_label"":""Leaf Ruler""},{""x1"":61,""x2"":134,""y1"":387,""y2"":459,""tool"":0,""frame"":0,""details"":[],""tool_label"":""Leaf Ruler""},{""x1"":215,""x2"":317,""y1"":414,""y2"":258,""tool"":0,""frame"":0,""details"":[],""tool_label"":""Leaf Ruler""},{""x1"":217,""x2"":304,""y1"":320,""y2"":371,""tool"":0,""frame"":0,""details"":[],""tool_label"":""Leaf Ruler""},{""x1"":365,""x2"":457,""y1"":304,""y2"":161,""tool"":0,""frame"":0,""details"":[],""tool_label"":""Leaf Ruler""},{""x1"":371,""x2"":454,""y1"":226,""y2"":276,""tool"":0,""frame"":0,""details"":[],""tool_label"":""Leaf Ruler""},{""x1"":548,""x2"":611,""y1"":199,""y2"":38,""tool"":0,""frame"":0,""details"":[],""tool_label"":""Leaf Ruler""},{""x1"":542,""x2"":632,""y1"":112,""y2"":137,""tool"":0,""frame"":0,""details"":[],""tool_label"":""Leaf Ruler""},{""x1"":123,""x2"":271,""y1"":66,""y2"":26,""tool"":0,""frame"":0,""details"":[],""tool_label"":""Leaf Ruler""},{""x1"":183,""x2"":145,""y1"":91,""y2"":7,""tool"":0,""frame"":0,""details"":[],""tool_label"":""Leaf Ruler""},{""x1"":109,""x2"":-2,""y1"":126,""y2"":120,""tool"":0,""frame"":0,""details"":[],""tool_label"":""Leaf Ruler""},{""x1"":35,""x2"":39,""y1"":82,""y2"":172,""tool"":0,""frame"":0,""details"":[],""tool_label"":""Leaf Ruler""}]}]","{""8735415"":{""retired"":{""id"":5262890,""workflow_id"":3449,""classifications_count"":266,""created_at"":""2017-04-03T18:15:51.727Z"",""updated_at"":""2017-04-16T16:59:25.611Z"",""retired_at"":""2017-04-16T16:59:25.591Z"",""subject_id"":8735415,""retirement_reason"":""classification_count""},"""":"""",""latitude"":""-55.03218"",""longitude"":""-69.61062"",""image_name"":""BS_14612_stem_100x_00217.jpg"",""collector_name"":""Blanka Shaw"",""data_collected"":""Jan 19, 2008"",""other comments"":""On bark""}}",8735415
115001261,not-logged-in-e6dac9dc08c249e59599,,e6dac9dc08c249e59599,3449,Measure Leaves,5.8,2018-06-21 12:37,,,"{""session"":""e022f6da6fb5eb41eeba53c8ae6abb91ff75a3bec181d01b8a338841b0f3a3ab"",""viewport"":{""width"":1920,""height"":1080},""started_at"":""2017-06-21T19:58:43.133Z"",""user_agent"":""Mozilla/5.0 (Windows NT 6.3; Win64; x64) AppleWebKit/537.36 (KHTML, like Gecko) Chrome/58.0.3029.110 Safari/537.36"",""utc_offset"":""18000"",""finished_at"":""2017-06-21T19:59:13.196Z"",""live_project"":true,""user_language"":""en"",""subject_dimensions"":[{""clientWidth"":720,""clientHeight"":534,""naturalWidth"":720,""naturalHeight"":534}]}","[{""task"":""T0"",""task_label"":""Drag your finger to draw lines to mark the **width** and **length** of the microleaves in the image on the left. "",""value"":[{""x1"":92,""x2"":175,""y1"":208,""y2"":217,""tool"":0,""frame"":0,""details"":[],""tool_label"":""Leaf Ruler""},{""x1"":114,""x2"":157,""y1"":283,""y2"":103,""tool"":0,""frame"":0,""details"":[],""tool_label"":""Leaf Ruler""}]}]","{""8735474"":{""retired"":{""id"":5260607,""workflow_id"":3449,""classifications_count"":1412,""created_at"":""2017-04-03T16:02:51.246Z"",""updated_at"":""2017-04-19T23:57:02.419Z"",""retired_at"":""2017-04-19T23:57:02.385Z"",""subject_id"":8735474,""retirement_reason"":""classification_count""},"""":"""",""latitude"":""-40.96726"",""longitude"":""175.8757611"",""image_name"":""PLD_12021_branch100x_00018.jpg"",""collector_name"":""Peter de Lange"",""data_collected"":""Feb 26, 2009"",""other comments"":""Corticolous on rohata (Lophomyrtus obcordata) in dense alluvial forest""}}",8735474
115001376,not-logged-in-e6dac9dc08c249e59599,,e6dac9dc08c249e59599,3449,Measure Leaves,5.8,2018-06-21 12:38,,,"{""session"":""e022f6da6fb5eb41eeba53c8ae6abb91ff75a3bec181d01b8a338841b0f3a3ab"",""viewport"":{""width"":1920,""height"":1080},""started_at"":""2017-06-21T19:59:18.142Z"",""user_agent"":""Mozilla/5.0 (Windows NT 6.3; Win64; x64) AppleWebKit/537.36 (KHTML, like Gecko) Chrome/58.0.3029.110 Safari/537.36"",""utc_offset"":""18000"",""finished_at"":""2017-06-21T19:59:51.929Z"",""live_project"":true,""user_language"":""en"",""subject_dimensions"":[{""clientWidth"":720,""clientHeight"":534,""naturalWidth"":720,""naturalHeight"":534}]}","[{""task"":""T0"",""task_label"":""Drag your finger to draw lines to mark the **width** and **length** of the microleaves in the image on the left. "",""value"":[{""x1"":480,""x2"":518,""y1"":302,""y2"":217,""tool"":0,""frame"":0,""details"":[],""tool_label"":""Leaf Ruler""},{""x1"":546,""x2"":426,""y1"":278,""y2"":234,""tool"":0,""frame"":0,""details"":[],""tool_label"":""Leaf Ruler""},{""x1"":372,""x2"":429,""y1"":175,""y2"":139,""tool"":0,""frame"":0,""details"":[],""tool_label"":""Leaf Ruler""},{""x1"":367,""x2"":431,""y1"":107,""y2"":216,""tool"":0,""frame"":0,""details"":[],""tool_label"":""Leaf Ruler""},{""x1"":200,""x2"":282,""y1"":322,""y2"":327,""tool"":0,""frame"":0,""details"":[],""tool_label"":""Leaf Ruler""},{""x1"":241,""x2"":253,""y1"":377,""y2"":245,""tool"":0,""frame"":0,""details"":[],""tool_label"":""Leaf Ruler""},{""x1"":318,""x2"":406,""y1"":479,""y2"":450,""tool"":0,""frame"":0,""details"":[],""tool_label"":""Leaf Ruler""},{""x1"":367,""x2"":354,""y1"":525,""y2"":390,""tool"":0,""frame"":0,""details"":[],""tool_label"":""Leaf Ruler""},{""x1"":591,""x2"":598,""y1"":289,""y2"":362,""tool"":0,""frame"":0,""details"":[],""tool_label"":""Leaf Ruler""},{""x1"":529,""x2"":656,""y1"":336,""y2"":323,""tool"":0,""frame"":0,""details"":[],""tool_label"":""Leaf Ruler""}]}]","{""8735425"":{""retired"":{""id"":5458472,""workflow_id"":3449,""classifications_count"":404,""created_at"":""2017-04-06T19:36:44.572Z"",""updated_at"":""2017-04-18T18:53:19.289Z"",""retired_at"":""2017-04-18T18:53:19.224Z"",""subject_id"":8735425,""retirement_reason"":""classification_count""},"""":"""",""latitude"":""-54.90869"",""longitude"":""-70.43298"",""image_name"":""BS_15628_branch_100x_00006 2.jpg"",""collector_name"":""Blanka Shaw"",""data_collected"":""Feb 4, 2008"",""other comments"":""on N-facing slope""}}",8735425
115002657,not-logged-in-e6dac9dc08c249e59599,,e6dac9dc08c249e59599,3449,Measure Leaves,5.8,2018-06-21 12:47,,,"{""session"":""e022f6da6fb5eb41eeba53c8ae6abb91ff75a3bec181d01b8a338841b0f3a3ab"",""viewport"":{""width"":1920,""height"":1080},""started_at"":""2017-06-21T19:59:53.565Z"",""user_agent"":""Mozilla/5.0 (Windows NT 6.3; Win64; x64) AppleWebKit/537.36 (KHTML, like Gecko) Chrome/58.0.3029.110 Safari/537.36"",""utc_offset"":""18000"",""finished_at"":""2017-06-21T20:00:02.457Z"",""live_project"":true,""user_language"":""en"",""subject_dimensions"":[{""clientWidth"":720,""clientHeight"":534,""naturalWidth"":720,""naturalHeight"":534}]}","[{""task"":""T0"",""task_label"":""Drag your finger to draw lines to mark the **width** and **length** of the microleaves in the image on the left. "",""value"":[{""x1"":531,""x2"":621,""y1"":126,""y2"":140,""tool"":0,""frame"":0,""details"":[],""tool_label"":""Leaf Ruler""},{""x1"":563,""x2"":588,""y1"":238,""y2"":54,""tool"":0,""frame"":0,""details"":[],""tool_label"":""Leaf Ruler""}]}]","{""8735479"":{""retired"":{""id"":5264615,""workflow_id"":3449,""classifications_count"":379,""created_at"":""2017-04-03T19:36:13.120Z"",""updated_at"":""2017-04-18T18:53:33.027Z"",""retired_at"":""2017-04-18T18:53:33.002Z"",""subject_id"":8735479,""retirement_reason"":""classification_count""},"""":"""",""latitude"":""-40.96726"",""longitude"":""175.8757611"",""image_name"":""PLD_12021_branch100x_00022.jpg"",""collector_name"":""Peter de Lange"",""data_collected"":""Feb 26, 2009"",""other comments"":""Corticolous on rohata (Lophomyrtus obcordata) in dense alluvial forest""}}",8735479
115002757,not-logged-in-e6dac9dc08c249e59599,,e6dac9dc08c249e59599,3449,Measure Leaves,5.8,2018-06-21 12:48,,,"{""session"":""e022f6da6fb5eb41eeba53c8ae6abb91ff75a3bec181d01b8a338841b0f3a3ab"",""viewport"":{""width"":1920,""height"":1080},""started_at"":""2017-06-21T20:00:03.955Z"",""user_agent"":""Mozilla/5.0 (Windows NT 6.3; Win64; x64) AppleWebKit/537.36 (KHTML, like Gecko) Chrome/58.0.3029.110 Safari/537.36"",""utc_offset"":""18000"",""finished_at"":""2017-06-21T20:00:12.480Z"",""live_project"":true,""user_language"":""en"",""subject_dimensions"":[{""clientWidth"":720,""clientHeight"":534,""naturalWidth"":720,""naturalHeight"":534}]}","[{""task"":""T0"",""task_label"":""Drag your finger to draw lines to mark the **width** and **length** of the microleaves in the image on the left. "",""value"":[{""x1"":328,""x2"":436,""y1"":397,""y2"":402,""tool"":0,""frame"":0,""details"":[],""tool_label"":""Leaf Ruler""},{""x1"":367,""x2"":391,""y1"":497,""y2"":324,""tool"":0,""frame"":0,""details"":[],""tool_label"":""Leaf Ruler""}]}]","{""8735460"":{""retired"":{""id"":5265758,""workflow_id"":3449,""classifications_count"":1388,""created_at"":""2017-04-03T20:35:22.667Z"",""updated_at"":""2017-04-20T00:16:15.602Z"",""retired_at"":""2017-04-20T00:16:14.834Z"",""subject_id"":8735460,""retirement_reason"":""classification_count""},"""":"""",""latitude"":""-40.96726"",""longitude"":""175.8757611"",""image_name"":""PLD_12021_branch100x_00005.jpg"",""collector_name"":""Peter de Lange"",""data_collected"":""Feb 26, 2009"",""other comments"":""Corticolous on rohata (Lophomyrtus obcordata) in dense alluvial forest""}}",8735460
115002890,not-logged-in-e6dac9dc08c249e59599,,e6dac9dc08c249e59599,3449,Measure Leaves,5.8,2018-06-21 12:49,,,"{""session"":""e022f6da6fb5eb41eeba53c8ae6abb91ff75a3bec181d01b8a338841b0f3a3ab"",""viewport"":{""width"":1920,""height"":1080},""started_at"":""2017-06-21T20:00:14.166Z"",""user_agent"":""Mozilla/5.0 (Windows NT 6.3; Win64; x64) AppleWebKit/537.36 (KHTML, like Gecko) Chrome/58.0.3029.110 Safari/537.36"",""utc_offset"":""18000"",""finished_at"":""2017-06-21T20:00:24.698Z"",""live_project"":true,""user_language"":""en"",""subject_dimensions"":[{""clientWidth"":720,""clientHeight"":534,""naturalWidth"":720,""naturalHeight"":534}]}","[{""task"":""T0"",""task_label"":""Drag your finger to draw lines to mark the **width** and **length** of the microleaves in the image on the left. "",""value"":[{""x1"":211,""x2"":264,""y1"":199,""y2"":300,""tool"":0,""frame"":0,""details"":[],""tool_label"":""Leaf Ruler""},{""x1"":185,""x2"":338,""y1"":273,""y2"":185,""tool"":0,""frame"":0,""details"":[],""tool_label"":""Leaf Ruler""},{""x1"":550,""x2"":570,""y1"":147,""y2"":265,""tool"":0,""frame"":0,""details"":[],""tool_label"":""Leaf Ruler""},{""x1"":482,""x2"":661,""y1"":218,""y2"":196,""tool"":0,""frame"":0,""details"":[],""tool_label"":""Leaf Ruler""}]}]","{""8735424"":{""retired"":{""id"":5261605,""workflow_id"":3449,""classifications_count"":374,""created_at"":""2017-04-03T16:55:47.475Z"",""updated_at"":""2017-04-19T16:34:01.073Z"",""retired_at"":""2017-04-19T16:34:01.040Z"",""subject_id"":8735424,""retirement_reason"":""classification_count""},"""":"""",""latitude"":""-54.75617"",""longitude"":""-70.3099"",""image_name"":""BS_15539_stem_100x_00020.jpg"",""collector_name"":""Blanka Shaw"",""data_collected"":""Feb 3, 2008"",""other comments"":""Bark of Nothofagus betuloides""}}",8735424
115002971,not-logged-in-e6dac9dc08c249e59599,,e6dac9dc08c249e59599,3449,Measure Leaves,5.8,2018-06-21 12:50,,,"{""session"":""e022f6da6fb5eb41eeba53c8ae6abb91ff75a3bec181d01b8a338841b0f3a3ab"",""viewport"":{""width"":1920,""height"":1080},""started_at"":""2017-06-21T20:00:25.777Z"",""user_agent"":""Mozilla/5.0 (Windows NT 6.3; Win64; x64) AppleWebKit/537.36 (KHTML, like Gecko) Chrome/58.0.3029.110 Safari/537.36"",""utc_offset"":""18000"",""finished_at"":""2017-06-21T20:00:42.831Z"",""live_project"":true,""user_language"":""en"",""subject_dimensions"":[{""clientWidth"":720,""clientHeight"":534,""naturalWidth"":720,""naturalHeight"":534}]}","[{""task"":""T0"",""task_label"":""Drag your finger to draw lines to mark the **width** and **length** of the microleaves in the image on the left. "",""value"":[{""x1"":80,""x2"":182,""y1"":199,""y2"":189,""tool"":0,""frame"":0,""details"":[],""tool_label"":""Leaf Ruler""},{""x1"":142,""x2"":129,""y1"":278,""y2"":95,""tool"":0,""frame"":0,""details"":[],""tool_label"":""Leaf Ruler""},{""x1"":431,""x2"":516,""y1"":287,""y2"":241,""tool"":0,""frame"":0,""details"":[],""tool_label"":""Leaf Ruler""},{""x1"":442,""x2"":522,""y1"":158,""y2"":343,""tool"":0,""frame"":0,""details"":[],""tool_label"":""Leaf Ruler""}]}]","{""8735419"":{""retired"":{""id"":5352652,""workflow_id"":3449,""classifications_count"":386,""created_at"":""2017-04-04T17:19:53.147Z"",""updated_at"":""2017-04-16T20:42:14.173Z"",""retired_at"":""2017-04-16T20:42:14.162Z"",""subject_id"":8735419,""retirement_reason"":""classification_count""},"""":"""",""latitude"":""-54.95983"",""longitude"":""-70.24363"",""image_name"":""BS_15023_stem_100x_00012.jpg"",""collector_name"":""Blanka Shaw"",""data_collected"":""Jan 24, 2008"",""other comments"":""Underside of Nothofagus betuloides trunk""}}",8735419
115003258,not-logged-in-e6dac9dc08c249e59599,,e6dac9dc08c249e59599,3449,Measure Leaves,5.8,2018-06-21 12:52,,,"{""session"":""e022f6da6fb5eb41eeba53c8ae6abb91ff75a3bec181d01b8a338841b0f3a3ab"",""viewport"":{""width"":1920,""height"":1080},""started_at"":""2017-06-21T20:00:44.140Z"",""user_agent"":""Mozilla/5.0 (Windows NT 6.3; Win64; x64) AppleWebKit/537.36 (KHTML, like Gecko) Chrome/58.0.3029.110 Safari/537.36"",""utc_offset"":""18000"",""finished_at"":""2017-06-21T20:00:49.775Z"",""live_project"":true,""user_language"":""en"",""subject_dimensions"":[{""clientWidth"":720,""clientHeight"":534,""naturalWidth"":720,""naturalHeight"":534}]}","[{""task"":""T0"",""task_label"":""Drag your finger to draw lines to mark the **width** and **length** of the microleaves in the image on the left. "",""value"":[{""x1"":326,""x2"":416,""y1"":229,""y2"":231,""tool"":0,""frame"":0,""details"":[],""tool_label"":""Leaf Ruler""},{""x1"":371,""x2"":386,""y1"":169,""y2"":336,""tool"":0,""frame"":0,""details"":[],""tool_label"":""Leaf Ruler""}]}]","{""8735427"":{""retired"":{""id"":5425182,""workflow_id"":3449,""classifications_count"":347,""created_at"":""2017-04-05T16:45:39.342Z"",""updated_at"":""2017-04-18T17:46:47.210Z"",""retired_at"":""2017-04-18T17:46:47.181Z"",""subject_id"":8735427,""retirement_reason"":""classification_count""},"""":"""",""latitude"":""-54.90869"",""longitude"":""-70.43298"",""image_name"":""BS_15628_stem_100x_00012 2.jpg"",""collector_name"":""Blanka Shaw"",""data_collected"":""Feb 4, 2008"",""other comments"":""On bark""}}",8735427
115003705,not-logged-in-e6dac9dc08c249e59599,,e6dac9dc08c249e59599,3449,Measure Leaves,5.8,2018-06-21 12:55,,,"{""session"":""e022f6da6fb5eb41eeba53c8ae6abb91ff75a3bec181d01b8a338841b0f3a3ab"",""viewport"":{""width"":1920,""height"":1080},""started_at"":""2017-06-21T20:00:51.687Z"",""user_agent"":""Mozilla/5.0 (Windows NT 6.3; Win64; x64) AppleWebKit/537.36 (KHTML, like Gecko) Chrome/58.0.3029.110 Safari/537.36"",""utc_offset"":""18000"",""finished_at"":""2017-06-21T20:01:26.296Z"",""live_project"":true,""user_language"":""en"",""subject_dimensions"":[{""clientWidth"":720,""clientHeight"":534,""naturalWidth"":720,""naturalHeight"":534}]}","[{""task"":""T0"",""task_label"":""Drag your finger to draw lines to mark the **width** and **length** of the microleaves in the image on the left. "",""value"":[{""x1"":108,""x2"":190,""y1"":77,""y2"":89,""tool"":0,""frame"":0,""details"":[],""tool_label"":""Leaf Ruler""},{""x1"":153,""x2"":150,""y1"":24,""y2"":174,""tool"":0,""frame"":0,""details"":[],""tool_label"":""Leaf Ruler""},{""x1"":192,""x2"":281,""y1"":156,""y2"":161,""tool"":0,""frame"":0,""details"":[],""tool_label"":""Leaf Ruler""},{""x1"":243,""x2"":242,""y1"":96,""y2"":259,""tool"":0,""frame"":0,""details"":[],""tool_label"":""Leaf Ruler""},{""x1"":281,""x2"":349,""y1"":254,""y2"":230,""tool"":0,""frame"":0,""details"":[],""tool_label"":""Leaf Ruler""},{""x1"":295,""x2"":337,""y1"":195,""y2"":352,""tool"":0,""frame"":0,""details"":[],""tool_label"":""Leaf Ruler""},{""x1"":375,""x2"":449,""y1"":363,""y2"":340,""tool"":0,""frame"":0,""details"":[],""tool_label"":""Leaf Ruler""},{""x1"":399,""x2"":429,""y1"":310,""y2"":436,""tool"":0,""frame"":0,""details"":[],""tool_label"":""Leaf Ruler""},{""x1"":486,""x2"":565,""y1"":441,""y2"":441,""tool"":0,""frame"":0,""details"":[],""tool_label"":""Leaf Ruler""},{""x1"":509,""x2"":537,""y1"":382,""y2"":517,""tool"":0,""frame"":0,""details"":[],""tool_label"":""Leaf Ruler""}]}]","{""8735432"":{""retired"":{""id"":5264980,""workflow_id"":3449,""classifications_count"":1375,""created_at"":""2017-04-03T19:58:03.113Z"",""updated_at"":""2017-04-20T01:21:44.365Z"",""retired_at"":""2017-04-20T01:21:44.328Z"",""subject_id"":8735432,""retirement_reason"":""classification_count""},"""":"""",""latitude"":""-29.26666667"",""longitude"":""-177.9166667"",""image_name"":""Dna_F063_stem_100x_00106.jpg"",""collector_name"":""R.J. Stanley"",""data_collected"":""Dec 31, 2001"",""other comments"":""on fallen pohutukawa, with Metalejeunea""}}",8735432
115003978,not-logged-in-e6dac9dc08c249e59599,,e6dac9dc08c249e59599,3449,Measure Leaves,5.8,2018-06-21 12:57,,,"{""session"":""e022f6da6fb5eb41eeba53c8ae6abb91ff75a3bec181d01b8a338841b0f3a3ab"",""viewport"":{""width"":1920,""height"":1080},""started_at"":""2017-06-21T20:01:28.264Z"",""user_agent"":""Mozilla/5.0 (Windows NT 6.3; Win64; x64) AppleWebKit/537.36 (KHTML, like Gecko) Chrome/58.0.3029.110 Safari/537.36"",""utc_offset"":""18000"",""finished_at"":""2017-06-21T20:01:35.698Z"",""live_project"":true,""user_language"":""en"",""subject_dimensions"":[{""clientWidth"":720,""clientHeight"":534,""naturalWidth"":720,""naturalHeight"":534}]}","[{""task"":""T0"",""task_label"":""Drag your finger to draw lines to mark the **width** and **length** of the microleaves in the image on the left. "",""value"":[{""x1"":446,""x2"":535,""y1"":150,""y2"":146,""tool"":0,""frame"":0,""details"":[],""tool_label"":""Leaf Ruler""},{""x1"":479,""x2"":503,""y1"":55,""y2"":226,""tool"":0,""frame"":0,""details"":[],""tool_label"":""Leaf Ruler""}]}]","{""8735469"":{""retired"":{""id"":5262619,""workflow_id"":3449,""classifications_count"":378,""created_at"":""2017-04-03T17:58:45.718Z"",""updated_at"":""2017-04-16T20:42:27.522Z"",""retired_at"":""2017-04-16T20:42:27.490Z"",""subject_id"":8735469,""retirement_reason"":""classification_count""},"""":"""",""latitude"":""-40.96726"",""longitude"":""175.8757611"",""image_name"":""PLD_12021_branch100x_00015.jpg"",""collector_name"":""Peter de Lange"",""data_collected"":""Feb 26, 2009"",""other comments"":""Corticolous on rohata (Lophomyrtus obcordata) in dense alluvial forest""}}",8735469
115004432,not-logged-in-e6dac9dc08c249e59599,,e6dac9dc08c249e59599,3449,Measure Leaves,5.8,2018-06-21 13:01,,,"{""session"":""610a528bb1a7d991deca0c78d8b91e78cf60e7942a47620ad2da4da41f78d91e"",""viewport"":{""width"":1920,""height"":1080},""started_at"":""2017-06-21T20:07:46.500Z"",""user_agent"":""Mozilla/5.0 (Windows NT 6.3; Win64; x64) AppleWebKit/537.36 (KHTML, like Gecko) Chrome/58.0.3029.110 Safari/537.36"",""utc_offset"":""18000"",""finished_at"":""2017-06-21T20:10:52.578Z"",""live_project"":true,""user_language"":""en"",""subject_dimensions"":[{""clientWidth"":720,""clientHeight"":534,""naturalWidth"":720,""naturalHeight"":534}]}","[{""task"":""T0"",""task_label"":""Drag your finger to draw lines to mark the **width** and **length** of the microleaves in the image on the left. "",""value"":[{""x1"":709,""x2"":604,""y1"":509,""y2"":511,""tool"":0,""frame"":0,""details"":[],""tool_label"":""Leaf Ruler""},{""x1"":597,""x2"":517,""y1"":510,""y2"":510,""tool"":0,""frame"":0,""details"":[],""tool_label"":""Leaf Ruler""},{""x1"":506,""x2"":429,""y1"":507,""y2"":509,""tool"":0,""frame"":0,""details"":[],""tool_label"":""Leaf Ruler""},{""x1"":422,""x2"":332,""y1"":505,""y2"":503,""tool"":0,""frame"":0,""details"":[],""tool_label"":""Leaf Ruler""},{""x1"":307,""x2"":223,""y1"":502,""y2"":501,""tool"":0,""frame"":0,""details"":[],""tool_label"":""Leaf Ruler""},{""x1"":203,""x2"":110,""y1"":504,""y2"":505,""tool"":0,""frame"":0,""details"":[],""tool_label"":""Leaf Ruler""},{""x1"":83,""x2"":4,""y1"":503,""y2"":507,""tool"":0,""frame"":0,""details"":[],""tool_label"":""Leaf Ruler""},{""x1"":192,""x2"":292,""y1"":344,""y2"":388,""tool"":0,""frame"":0,""details"":[],""tool_label"":""Leaf Ruler""},{""x1"":204,""x2"":310,""y1"":411,""y2"":253,""tool"":0,""frame"":0,""details"":[],""tool_label"":""Leaf Ruler""},{""x1"":444,""x2"":381,""y1"":151,""y2"":312,""tool"":0,""frame"":0,""details"":[],""tool_label"":""Leaf Ruler""},{""x1"":353,""x2"":447,""y1"":248,""y2"":284,""tool"":0,""frame"":0,""details"":[],""tool_label"":""Leaf Ruler""},{""x1"":600,""x2"":561,""y1"":44,""y2"":200,""tool"":0,""frame"":0,""details"":[],""tool_label"":""Leaf Ruler""},{""x1"":528,""x2"":623,""y1"":137,""y2"":162,""tool"":0,""frame"":0,""details"":[],""tool_label"":""Leaf Ruler""},{""x1"":41,""x2"":109,""y1"":402,""y2"":482,""tool"":0,""frame"":0,""details"":[],""tool_label"":""Leaf Ruler""},{""x1"":25,""x2"":148,""y1"":471,""y2"":380,""tool"":0,""frame"":0,""details"":[],""tool_label"":""Leaf Ruler""}]}]","{""8735415"":{""retired"":{""id"":5262890,""workflow_id"":3449,""classifications_count"":266,""created_at"":""2017-04-03T18:15:51.727Z"",""updated_at"":""2017-04-16T16:59:25.611Z"",""retired_at"":""2017-04-16T16:59:25.591Z"",""subject_id"":8735415,""retirement_reason"":""classification_count""},"""":"""",""latitude"":""-55.03218"",""longitude"":""-69.61062"",""image_name"":""BS_14612_stem_100x_00217.jpg"",""collector_name"":""Blanka Shaw"",""data_collected"":""Jan 19, 2008"",""other comments"":""On bark""}}",8735415
115004467,not-logged-in-e6dac9dc08c249e59599,,e6dac9dc08c249e59599,3449,Measure Leaves,5.8,2018-06-21 13:02,,,"{""session"":""610a528bb1a7d991deca0c78d8b91e78cf60e7942a47620ad2da4da41f78d91e"",""viewport"":{""width"":1920,""height"":1080},""started_at"":""2017-06-21T20:12:28.028Z"",""user_agent"":""Mozilla/5.0 (Windows NT 6.3; Win64; x64) AppleWebKit/537.36 (KHTML, like Gecko) Chrome/58.0.3029.110 Safari/537.36"",""utc_offset"":""18000"",""finished_at"":""2017-06-21T20:12:32.543Z"",""live_project"":true,""user_language"":""en"",""subject_dimensions"":[{""clientWidth"":720,""clientHeight"":534,""naturalWidth"":720,""naturalHeight"":534}]}","[{""task"":""T0"",""task_label"":""Drag your finger to draw lines to mark the **width** and **length** of the microleaves in the image on the left. "",""value"":[]}]","{""8735439"":{""retired"":{""id"":5262430,""workflow_id"":3449,""classifications_count"":281,""created_at"":""2017-04-03T17:49:53.309Z"",""updated_at"":""2017-04-18T16:33:24.376Z"",""retired_at"":""2017-04-18T16:33:24.363Z"",""subject_id"":8735439,""retirement_reason"":""classification_count""},"""":"""",""latitude"":""-54.97083333"",""longitude"":""-69.13055556"",""image_name"":""JE_26184_br_x100_00041.jpg"",""collector_name"":""John J. Engel"",""data_collected"":""Jan 19, 2005"",""other comments"":""On trunk of large Nothofagus betuloides.""}}",8735439
115004708,not-logged-in-e6dac9dc08c249e59599,,e6dac9dc08c249e59599,3449,Measure Leaves,5.8,2018-06-21 13:05,,,"{""session"":""610a528bb1a7d991deca0c78d8b91e78cf60e7942a47620ad2da4da41f78d91e"",""viewport"":{""width"":1920,""height"":1080},""started_at"":""2017-06-21T20:38:23.716Z"",""user_agent"":""Mozilla/5.0 (Windows NT 6.3; Win64; x64) AppleWebKit/537.36 (KHTML, like Gecko) Chrome/58.0.3029.110 Safari/537.36"",""utc_offset"":""18000"",""finished_at"":""2017-06-21T20:38:47.293Z"",""live_project"":true,""user_language"":""en"",""subject_dimensions"":[{""clientWidth"":720,""clientHeight"":534,""naturalWidth"":720,""naturalHeight"":534}]}","[{""task"":""T0"",""task_label"":""Drag your finger to draw lines to mark the **width** and **length** of the microleaves in the image on the left. "",""value"":[{""x1"":435,""x2"":555,""y1"":372,""y2"":483,""tool"":0,""frame"":0,""details"":[],""tool_label"":""Leaf Ruler""},{""x1"":475,""x2"":516,""y1"":483,""y2"":387,""tool"":0,""frame"":0,""details"":[],""tool_label"":""Leaf Ruler""},{""x1"":176,""x2"":319,""y1"":380,""y2"":482,""tool"":0,""frame"":0,""details"":[],""tool_label"":""Leaf Ruler""},{""x1"":251,""x2"":273,""y1"":489,""y2"":386,""tool"":0,""frame"":0,""details"":[],""tool_label"":""Leaf Ruler""},{""x1"":321,""x2"":418,""y1"":113,""y2"":162,""tool"":0,""frame"":0,""details"":[],""tool_label"":""Leaf Ruler""},{""x1"":309,""x2"":435,""y1"":206,""y2"":79,""tool"":0,""frame"":0,""details"":[],""tool_label"":""Leaf Ruler""}]}]","{""8735438"":{""retired"":{""id"":5261964,""workflow_id"":3449,""classifications_count"":250,""created_at"":""2017-04-03T17:20:26.096Z"",""updated_at"":""2017-04-19T15:55:10.679Z"",""retired_at"":""2017-04-19T15:55:10.667Z"",""subject_id"":8735438,""retirement_reason"":""classification_count""},"""":"""",""latitude"":""-54.97083333"",""longitude"":""-69.13055556"",""image_name"":""JE_26184_br_x100_00011.jpg"",""collector_name"":""John J. Engel"",""data_collected"":""Jan 19, 2005"",""other comments"":""On trunk of large Nothofagus betuloides.""}}",8735438
115004720,not-logged-in-e6dac9dc08c249e59599,,e6dac9dc08c249e59599,3449,Measure Leaves,5.8,2018-06-21 13:05,,,"{""session"":""610a528bb1a7d991deca0c78d8b91e78cf60e7942a47620ad2da4da41f78d91e"",""viewport"":{""width"":1920,""height"":1080},""started_at"":""2017-06-21T20:43:11.161Z"",""user_agent"":""Mozilla/5.0 (Windows NT 6.3; Win64; x64) AppleWebKit/537.36 (KHTML, like Gecko) Chrome/58.0.3029.110 Safari/537.36"",""utc_offset"":""18000"",""finished_at"":""2017-06-21T20:54:39.119Z"",""live_project"":true,""user_language"":""en"",""subject_dimensions"":[{""clientWidth"":720,""clientHeight"":534,""naturalWidth"":720,""naturalHeight"":534}]}","[{""task"":""T0"",""task_label"":""Drag your finger to draw lines to mark the **width** and **length** of the microleaves in the image on the left. "",""value"":[{""x1"":199,""x2"":242,""y1"":423,""y2"":275,""tool"":0,""frame"":0,""details"":[],""tool_label"":""Leaf Ruler""},{""x1"":188,""x2"":264,""y1"":355,""y2"":372,""tool"":0,""frame"":0,""details"":[],""tool_label"":""Leaf Ruler""},{""x1"":292,""x2"":373,""y1"":287,""y2"":309,""tool"":0,""frame"":0,""details"":[],""tool_label"":""Leaf Ruler""},{""x1"":361,""x2"":315,""y1"":204,""y2"":356,""tool"":0,""frame"":0,""details"":[],""tool_label"":""Leaf Ruler""},{""x1"":487,""x2"":420,""y1"":156,""y2"":290,""tool"":0,""frame"":0,""details"":[],""tool_label"":""Leaf Ruler""},{""x1"":400,""x2"":484,""y1"":218,""y2"":269,""tool"":0,""frame"":0,""details"":[],""tool_label"":""Leaf Ruler""},{""x1"":557,""x2"":642,""y1"":167,""y2"":207,""tool"":0,""frame"":0,""details"":[],""tool_label"":""Leaf Ruler""},{""x1"":646,""x2"":581,""y1"":93,""y2"":233,""tool"":0,""frame"":0,""details"":[],""tool_label"":""Leaf Ruler""},{""x1"":608,""x2"":682,""y1"":283,""y2"":334,""tool"":0,""frame"":0,""details"":[],""tool_label"":""Leaf Ruler""},{""x1"":703,""x2"":622,""y1"":255,""y2"":336,""tool"":0,""frame"":0,""details"":[],""tool_label"":""Leaf Ruler""},{""x1"":76,""x2"":158,""y1"":443,""y2"":431,""tool"":0,""frame"":0,""details"":[],""tool_label"":""Leaf Ruler""},{""x1"":110,""x2"":122,""y1"":375,""y2"":496,""tool"":0,""frame"":0,""details"":[],""tool_label"":""Leaf Ruler""},{""x1"":35,""x2"":211,""y1"":111,""y2"":183,""tool"":0,""frame"":0,""details"":[],""tool_label"":""Leaf Ruler""},{""x1"":140,""x2"":105,""y1"":90,""y2"":179,""tool"":0,""frame"":0,""details"":[],""tool_label"":""Leaf Ruler""},{""x1"":199,""x2"":343,""y1"":9,""y2"":101,""tool"":0,""frame"":0,""details"":[],""tool_label"":""Leaf Ruler""},{""x1"":304,""x2"":251,""y1"":15,""y2"":87,""tool"":0,""frame"":0,""details"":[],""tool_label"":""Leaf Ruler""}]}]","{""8735443"":{""retired"":{""id"":5262696,""workflow_id"":3449,""classifications_count"":267,""created_at"":""2017-04-03T18:02:42.867Z"",""updated_at"":""2017-04-17T19:38:58.403Z"",""retired_at"":""2017-04-17T19:38:58.335Z"",""subject_id"":8735443,""retirement_reason"":""classification_count""},"""":"""",""latitude"":""-37.55259944"",""longitude"":""178.1640586"",""image_name"":""PDL_11610_br_K_X100_00115.jpg"",""collector_name"":""Peter de Lange"",""data_collected"":""Jan 25, 2009"",""other comments"":""On cobbled beach, corticolous on pohutukawa (Metrosideros excelsa)""}}",8735443
115004732,not-logged-in-e6dac9dc08c249e59599,,e6dac9dc08c249e59599,3449,Measure Leaves,5.8,2018-06-21 13:05,,,"{""session"":""254ce7fedf0dc3c02a96eb8e40194d45cfd9da4d7919901659423ed9be85dc4b"",""viewport"":{""width"":1920,""height"":1080},""started_at"":""2017-06-21T20:55:02.965Z"",""user_agent"":""Mozilla/5.0 (Windows NT 6.3; Win64; x64) AppleWebKit/537.36 (KHTML, like Gecko) Chrome/58.0.3029.110 Safari/537.36"",""utc_offset"":""18000"",""finished_at"":""2017-06-21T20:55:28.236Z"",""live_project"":true,""user_language"":""en"",""subject_dimensions"":[{""clientWidth"":720,""clientHeight"":534,""naturalWidth"":720,""naturalHeight"":534}]}","[{""task"":""T0"",""task_label"":""Drag your finger to draw lines to mark the **width** and **length** of the microleaves in the image on the left. "",""value"":[{""x1"":579,""x2"":489,""y1"":151,""y2"":284,""tool"":0,""frame"":0,""details"":[],""tool_label"":""Leaf Ruler""},{""x1"":506,""x2"":574,""y1"":180,""y2"":223,""tool"":0,""frame"":0,""details"":[],""tool_label"":""Leaf Ruler""},{""x1"":688,""x2"":644,""y1"":138,""y2"":253,""tool"":0,""frame"":0,""details"":[],""tool_label"":""Leaf Ruler""},{""x1"":630,""x2"":704,""y1"":187,""y2"":207,""tool"":0,""frame"":0,""details"":[],""tool_label"":""Leaf Ruler""},{""x1"":450,""x2"":347,""y1"":189,""y2"":299,""tool"":0,""frame"":0,""details"":[],""tool_label"":""Leaf Ruler""},{""x1"":372,""x2"":435,""y1"":205,""y2"":253,""tool"":0,""frame"":0,""details"":[],""tool_label"":""Leaf Ruler""},{""x1"":322,""x2"":206,""y1"":190,""y2"":282,""tool"":0,""frame"":0,""details"":[],""tool_label"":""Leaf Ruler""},{""x1"":250,""x2"":305,""y1"":190,""y2"":266,""tool"":0,""frame"":0,""details"":[],""tool_label"":""Leaf Ruler""},{""x1"":160,""x2"":38,""y1"":189,""y2"":258,""tool"":0,""frame"":0,""details"":[],""tool_label"":""Leaf Ruler""},{""x1"":87,""x2"":130,""y1"":178,""y2"":257,""tool"":0,""frame"":0,""details"":[],""tool_label"":""Leaf Ruler""},{""x1"":96,""x2"":119,""y1"":51,""y2"":129,""tool"":0,""frame"":0,""details"":[],""tool_label"":""Leaf Ruler""},{""x1"":57,""x2"":166,""y1"":102,""y2"":67,""tool"":0,""frame"":0,""details"":[],""tool_label"":""Leaf Ruler""}]}]","{""8735447"":{""retired"":{""id"":5265800,""workflow_id"":3449,""classifications_count"":1332,""created_at"":""2017-04-03T20:37:07.921Z"",""updated_at"":""2017-04-19T17:43:44.622Z"",""retired_at"":""2017-04-19T17:43:44.400Z"",""subject_id"":8735447,""retirement_reason"":""classification_count""},"""":"""",""latitude"":""-37.55259944"",""longitude"":""178.1640586"",""image_name"":""PDL_11610_br_S_X100_00123.jpg"",""collector_name"":""Peter de Lange"",""data_collected"":""Jan 25, 2009"",""other comments"":""On cobbled beach, corticolous on pohutukawa (Metrosideros excelsa)""}}",8735447
115004735,not-logged-in-e6dac9dc08c249e59599,,e6dac9dc08c249e59599,3449,Measure Leaves,5.8,2018-06-21 13:05,,,"{""session"":""6f2525d013180606981d941ad794c08a1c917da9e20eaea3bfe4a40be6fef817"",""viewport"":{""width"":1920,""height"":1080},""started_at"":""2017-06-21T21:37:34.889Z"",""user_agent"":""Mozilla/5.0 (Windows NT 6.3; Win64; x64) AppleWebKit/537.36 (KHTML, like Gecko) Chrome/58.0.3029.110 Safari/537.36"",""utc_offset"":""18000"",""finished_at"":""2017-06-21T21:38:32.730Z"",""live_project"":true,""user_language"":""en"",""subject_dimensions"":[{""clientWidth"":720,""clientHeight"":534,""naturalWidth"":720,""naturalHeight"":534}]}","[{""task"":""T0"",""task_label"":""Drag your finger to draw lines to mark the **width** and **length** of the microleaves in the image on the left. "",""value"":[{""x1"":495,""x2"":559,""y1"":441,""y2"":424,""tool"":0,""frame"":0,""details"":[],""tool_label"":""Leaf Ruler""},{""x1"":510,""x2"":541,""y1"":389,""y2"":532,""tool"":0,""frame"":0,""details"":[],""tool_label"":""Leaf Ruler""},{""x1"":387,""x2"":462,""y1"":371,""y2"":350,""tool"":0,""frame"":0,""details"":[],""tool_label"":""Leaf Ruler""},{""x1"":404,""x2"":431,""y1"":318,""y2"":430,""tool"":0,""frame"":0,""details"":[],""tool_label"":""Leaf Ruler""},{""x1"":305,""x2"":332,""y1"":212,""y2"":339,""tool"":0,""frame"":0,""details"":[],""tool_label"":""Leaf Ruler""},{""x1"":288,""x2"":363,""y1"":274,""y2"":236,""tool"":0,""frame"":0,""details"":[],""tool_label"":""Leaf Ruler""},{""x1"":211,""x2"":283,""y1"":153,""y2"":139,""tool"":0,""frame"":0,""details"":[],""tool_label"":""Leaf Ruler""},{""x1"":261,""x2"":259,""y1"":96,""y2"":221,""tool"":0,""frame"":0,""details"":[],""tool_label"":""Leaf Ruler""},{""x1"":121,""x2"":190,""y1"":81,""y2"":63,""tool"":0,""frame"":0,""details"":[],""tool_label"":""Leaf Ruler""},{""x1"":156,""x2"":159,""y1"":41,""y2"":172,""tool"":0,""frame"":0,""details"":[],""tool_label"":""Leaf Ruler""}]}]","{""8735432"":{""retired"":{""id"":5264980,""workflow_id"":3449,""classifications_count"":1375,""created_at"":""2017-04-03T19:58:03.113Z"",""updated_at"":""2017-04-20T01:21:44.365Z"",""retired_at"":""2017-04-20T01:21:44.328Z"",""subject_id"":8735432,""retirement_reason"":""classification_count""},"""":"""",""latitude"":""-29.26666667"",""longitude"":""-177.9166667"",""image_name"":""Dna_F063_stem_100x_00106.jpg"",""collector_name"":""R.J. Stanley"",""data_collected"":""Dec 31, 2001"",""other comments"":""on fallen pohutukawa, with Metalejeunea""}}",8735432
115005000,not-logged-in-e6dac9dc08c249e59599,,e6dac9dc08c249e59599,3449,Measure Leaves,5.8,2018-06-21 13:08,,,"{""session"":""004bf1287723d3dd77ac70831605493c4c48cb8f5af0dd0393c8cef49ab47735"",""viewport"":{""width"":1920,""height"":1080},""started_at"":""2017-06-22T15:37:51.532Z"",""user_agent"":""Mozilla/5.0 (Windows NT 6.3; Win64; x64) AppleWebKit/537.36 (KHTML, like Gecko) Chrome/58.0.3029.110 Safari/537.36"",""utc_offset"":""18000"",""finished_at"":""2017-06-22T15:38:28.935Z"",""live_project"":true,""user_language"":""en"",""subject_dimensions"":[{""clientWidth"":720,""clientHeight"":534,""naturalWidth"":720,""naturalHeight"":534}]}","[{""task"":""T0"",""task_label"":""Drag your finger to draw lines to mark the **width** and **length** of the microleaves in the image on the left. "",""value"":[{""x1"":332,""x2"":432,""y1"":413,""y2"":417,""tool"":0,""frame"":0,""details"":[],""tool_label"":""Leaf Ruler""},{""x1"":386,""x2"":375,""y1"":316,""y2"":503,""tool"":0,""frame"":0,""details"":[],""tool_label"":""Leaf Ruler""}]}]","{""8735460"":{""retired"":{""id"":5265758,""workflow_id"":3449,""classifications_count"":1388,""created_at"":""2017-04-03T20:35:22.667Z"",""updated_at"":""2017-04-20T00:16:15.602Z"",""retired_at"":""2017-04-20T00:16:14.834Z"",""subject_id"":8735460,""retirement_reason"":""classification_count""},"""":"""",""latitude"":""-40.96726"",""longitude"":""175.8757611"",""image_name"":""PLD_12021_branch100x_00005.jpg"",""collector_name"":""Peter de Lange"",""data_collected"":""Feb 26, 2009"",""other comments"":""Corticolous on rohata (Lophomyrtus obcordata) in dense alluvial forest""}}",8735460
115005013,not-logged-in-e6dac9dc08c249e59599,,e6dac9dc08c249e59599,3449,Measure Leaves,5.8,2018-06-21 13:08,,,"{""session"":""004bf1287723d3dd77ac70831605493c4c48cb8f5af0dd0393c8cef49ab47735"",""viewport"":{""width"":1920,""height"":1080},""started_at"":""2017-06-22T15:38:36.649Z"",""user_agent"":""Mozilla/5.0 (Windows NT 6.3; Win64; x64) AppleWebKit/537.36 (KHTML, like Gecko) Chrome/58.0.3029.110 Safari/537.36"",""utc_offset"":""18000"",""finished_at"":""2017-06-22T15:38:48.498Z"",""live_project"":true,""user_language"":""en"",""subject_dimensions"":[{""clientWidth"":720,""clientHeight"":534,""naturalWidth"":720,""naturalHeight"":534}]}","[{""task"":""T0"",""task_label"":""Drag your finger to draw lines to mark the **width** and **length** of the microleaves in the image on the left. "",""value"":[{""x1"":370,""x2"":382,""y1"":172,""y2"":335,""tool"":0,""frame"":0,""details"":[],""tool_label"":""Leaf Ruler""},{""x1"":327,""x2"":418,""y1"":259,""y2"":255,""tool"":0,""frame"":0,""details"":[],""tool_label"":""Leaf Ruler""}]}]","{""8735427"":{""retired"":{""id"":5425182,""workflow_id"":3449,""classifications_count"":347,""created_at"":""2017-04-05T16:45:39.342Z"",""updated_at"":""2017-04-18T17:46:47.210Z"",""retired_at"":""2017-04-18T17:46:47.181Z"",""subject_id"":8735427,""retirement_reason"":""classification_count""},"""":"""",""latitude"":""-54.90869"",""longitude"":""-70.43298"",""image_name"":""BS_15628_stem_100x_00012 2.jpg"",""collector_name"":""Blanka Shaw"",""data_collected"":""Feb 4, 2008"",""other comments"":""On bark""}}",8735427
115005491,not-logged-in-e6dac9dc08c249e59599,,e6dac9dc08c249e59599,3449,Measure Leaves,5.8,2018-06-21 13:14,,,"{""session"":""7b895d67a51b938e3f2e65fbe640193186dce77397784f20e99d066c2e72fe3e"",""viewport"":{""width"":1920,""height"":1080},""started_at"":""2017-06-22T16:39:51.433Z"",""user_agent"":""Mozilla/5.0 (Windows NT 6.3; Win64; x64) AppleWebKit/537.36 (KHTML, like Gecko) Chrome/58.0.3029.110 Safari/537.36"",""utc_offset"":""18000"",""finished_at"":""2017-06-22T16:40:39.827Z"",""live_project"":true,""user_language"":""en"",""subject_dimensions"":[{""clientWidth"":720,""clientHeight"":534,""naturalWidth"":720,""naturalHeight"":534}]}","[{""task"":""T0"",""task_label"":""Drag your finger to draw lines to mark the **width** and **length** of the microleaves in the image on the left. "",""value"":[{""x1"":127,""x2"":39,""y1"":357,""y2"":481,""tool"":0,""frame"":0,""details"":[],""tool_label"":""Leaf Ruler""},{""x1"":52,""x2"":121,""y1"":392,""y2"":457,""tool"":0,""frame"":0,""details"":[],""tool_label"":""Leaf Ruler""},{""x1"":216,""x2"":303,""y1"":410,""y2"":264,""tool"":0,""frame"":0,""details"":[],""tool_label"":""Leaf Ruler""},{""x1"":226,""x2"":283,""y1"":316,""y2"":367,""tool"":0,""frame"":0,""details"":[],""tool_label"":""Leaf Ruler""},{""x1"":253,""x2"":253,""y1"":30,""y2"":30,""tool"":0,""frame"":0,""details"":[],""tool_label"":""Leaf Ruler""},{""x1"":150,""x2"":178,""y1"":4,""y2"":91,""tool"":0,""frame"":0,""details"":[],""tool_label"":""Leaf Ruler""},{""x1"":253,""x2"":97,""y1"":30,""y2"":56,""tool"":0,""frame"":0,""details"":[],""tool_label"":""Leaf Ruler""},{""x1"":457,""x2"":366,""y1"":163,""y2"":309,""tool"":0,""frame"":0,""details"":[],""tool_label"":""Leaf Ruler""},{""x1"":364,""x2"":447,""y1"":212,""y2"":288,""tool"":0,""frame"":0,""details"":[],""tool_label"":""Leaf Ruler""},{""x1"":550,""x2"":617,""y1"":188,""y2"":62,""tool"":0,""frame"":0,""details"":[],""tool_label"":""Leaf Ruler""},{""x1"":547,""x2"":623,""y1"":108,""y2"":176,""tool"":0,""frame"":0,""details"":[],""tool_label"":""Leaf Ruler""},{""x1"":1,""x2"":89,""y1"":135,""y2"":101,""tool"":0,""frame"":0,""details"":[],""tool_label"":""Leaf Ruler""},{""x1"":31,""x2"":41,""y1"":77,""y2"":179,""tool"":0,""frame"":0,""details"":[],""tool_label"":""Leaf Ruler""}]}]","{""8735415"":{""retired"":{""id"":5262890,""workflow_id"":3449,""classifications_count"":266,""created_at"":""2017-04-03T18:15:51.727Z"",""updated_at"":""2017-04-16T16:59:25.611Z"",""retired_at"":""2017-04-16T16:59:25.591Z"",""subject_id"":8735415,""retirement_reason"":""classification_count""},"""":"""",""latitude"":""-55.03218"",""longitude"":""-69.61062"",""image_name"":""BS_14612_stem_100x_00217.jpg"",""collector_name"":""Blanka Shaw"",""data_collected"":""Jan 19, 2008"",""other comments"":""On bark""}}",8735415
115005528,not-logged-in-e6dac9dc08c249e59599,,e6dac9dc08c249e59599,3449,Measure Leaves,5.8,2018-06-21 13:14,,,"{""session"":""7b895d67a51b938e3f2e65fbe640193186dce77397784f20e99d066c2e72fe3e"",""viewport"":{""width"":1920,""height"":1080},""started_at"":""2017-06-22T16:40:45.031Z"",""user_agent"":""Mozilla/5.0 (Windows NT 6.3; Win64; x64) AppleWebKit/537.36 (KHTML, like Gecko) Chrome/58.0.3029.110 Safari/537.36"",""utc_offset"":""18000"",""finished_at"":""2017-06-22T16:41:50.463Z"",""live_project"":true,""user_language"":""en"",""subject_dimensions"":[{""clientWidth"":720,""clientHeight"":534,""naturalWidth"":720,""naturalHeight"":534}]}","[{""task"":""T0"",""task_label"":""Drag your finger to draw lines to mark the **width** and **length** of the microleaves in the image on the left. "",""value"":[{""x1"":480,""x2"":543,""y1"":489,""y2"":401,""tool"":0,""frame"":0,""details"":[],""tool_label"":""Leaf Ruler""},{""x1"":486,""x2"":535,""y1"":417,""y2"":473,""tool"":0,""frame"":0,""details"":[],""tool_label"":""Leaf Ruler""},{""x1"":280,""x2"":284,""y1"":459,""y2"":531,""tool"":0,""frame"":0,""details"":[],""tool_label"":""Leaf Ruler""},{""x1"":124,""x2"":243,""y1"":332,""y2"":383,""tool"":0,""frame"":0,""details"":[],""tool_label"":""Leaf Ruler""},{""x1"":222,""x2"":357,""y1"":492,""y2"":504,""tool"":0,""frame"":0,""details"":[],""tool_label"":""Leaf Ruler""},{""x1"":194,""x2"":165,""y1"":322,""y2"":395,""tool"":0,""frame"":0,""details"":[],""tool_label"":""Leaf Ruler""},{""x1"":17,""x2"":161,""y1"":257,""y2"":267,""tool"":0,""frame"":0,""details"":[],""tool_label"":""Leaf Ruler""},{""x1"":95,""x2"":90,""y1"":218,""y2"":299,""tool"":0,""frame"":0,""details"":[],""tool_label"":""Leaf Ruler""},{""x1"":389,""x2"":457,""y1"":349,""y2"":244,""tool"":0,""frame"":0,""details"":[],""tool_label"":""Leaf Ruler""},{""x1"":385,""x2"":460,""y1"":262,""y2"":322,""tool"":0,""frame"":0,""details"":[],""tool_label"":""Leaf Ruler""},{""x1"":315,""x2"":349,""y1"":234,""y2"":111,""tool"":0,""frame"":0,""details"":[],""tool_label"":""Leaf Ruler""},{""x1"":285,""x2"":367,""y1"":136,""y2"":191,""tool"":0,""frame"":0,""details"":[],""tool_label"":""Leaf Ruler""},{""x1"":179,""x2"":196,""y1"":99,""y2"":-13,""tool"":0,""frame"":0,""details"":[],""tool_label"":""Leaf Ruler""},{""x1"":147,""x2"":232,""y1"":17,""y2"":81,""tool"":0,""frame"":0,""details"":[],""tool_label"":""Leaf Ruler""}]}]","{""8735433"":{""retired"":{""id"":5342615,""workflow_id"":3449,""classifications_count"":271,""created_at"":""2017-04-04T16:42:54.620Z"",""updated_at"":""2017-04-18T16:27:20.197Z"",""retired_at"":""2017-04-18T16:27:20.067Z"",""subject_id"":8735433,""retirement_reason"":""classification_count""},"""":"""",""latitude"":""-29.26666667"",""longitude"":""-177.9166667"",""image_name"":""Dna_F063_stem_100x_00116.jpg"",""collector_name"":""R.J. Stanley"",""data_collected"":""Dec 31, 2001"",""other comments"":""on fallen pohutukawa, with Metalejeunea""}}",8735433
115006009,not-logged-in-e6dac9dc08c249e59599,,e6dac9dc08c249e59599,3449,Measure Leaves,5.8,2018-06-21 13:21,,,"{""session"":""ae01052da6c708d63fb04062375dfc0b6a7f29dee06b0db1bd0b9959b527e8db"",""viewport"":{""width"":1920,""height"":1080},""started_at"":""2017-06-22T17:17:54.482Z"",""user_agent"":""Mozilla/5.0 (Windows NT 6.3; Win64; x64) AppleWebKit/537.36 (KHTML, like Gecko) Chrome/58.0.3029.110 Safari/537.36"",""utc_offset"":""18000"",""finished_at"":""2017-06-22T17:18:34.008Z"",""live_project"":true,""user_language"":""en"",""subject_dimensions"":[{""clientWidth"":720,""clientHeight"":534,""naturalWidth"":720,""naturalHeight"":534}]}","[{""task"":""T0"",""task_label"":""Drag your finger to draw lines to mark the **width** and **length** of the microleaves in the image on the left. "",""value"":[{""x1"":582,""x2"":717,""y1"":326,""y2"":452,""tool"":0,""frame"":0,""details"":[],""tool_label"":""Leaf Ruler""},{""x1"":413,""x2"":483,""y1"":218,""y2"":267,""tool"":0,""frame"":0,""details"":[],""tool_label"":""Leaf Ruler""},{""x1"":495,""x2"":413,""y1"":146,""y2"":291,""tool"":0,""frame"":0,""details"":[],""tool_label"":""Leaf Ruler""},{""x1"":650,""x2"":584,""y1"":104,""y2"":236,""tool"":0,""frame"":0,""details"":[],""tool_label"":""Leaf Ruler""},{""x1"":583,""x2"":653,""y1"":140,""y2"":182,""tool"":0,""frame"":0,""details"":[],""tool_label"":""Leaf Ruler""},{""x1"":694,""x2"":621,""y1"":246,""y2"":332,""tool"":0,""frame"":0,""details"":[],""tool_label"":""Leaf Ruler""},{""x1"":620,""x2"":691,""y1"":264,""y2"":325,""tool"":0,""frame"":0,""details"":[],""tool_label"":""Leaf Ruler""},{""x1"":232,""x2"":207,""y1"":277,""y2"":433,""tool"":0,""frame"":0,""details"":[],""tool_label"":""Leaf Ruler""},{""x1"":184,""x2"":260,""y1"":356,""y2"":370,""tool"":0,""frame"":0,""details"":[],""tool_label"":""Leaf Ruler""},{""x1"":120,""x2"":110,""y1"":378,""y2"":498,""tool"":0,""frame"":0,""details"":[],""tool_label"":""Leaf Ruler""},{""x1"":84,""x2"":146,""y1"":429,""y2"":439,""tool"":0,""frame"":0,""details"":[],""tool_label"":""Leaf Ruler""}]}]","{""8735443"":{""retired"":{""id"":5262696,""workflow_id"":3449,""classifications_count"":267,""created_at"":""2017-04-03T18:02:42.867Z"",""updated_at"":""2017-04-17T19:38:58.403Z"",""retired_at"":""2017-04-17T19:38:58.335Z"",""subject_id"":8735443,""retirement_reason"":""classification_count""},"""":"""",""latitude"":""-37.55259944"",""longitude"":""178.1640586"",""image_name"":""PDL_11610_br_K_X100_00115.jpg"",""collector_name"":""Peter de Lange"",""data_collected"":""Jan 25, 2009"",""other comments"":""On cobbled beach, corticolous on pohutukawa (Metrosideros excelsa)""}}",8735443
115006278,not-logged-in-e6dac9dc08c249e59599,,e6dac9dc08c249e59599,3449,Measure Leaves,5.8,2018-06-21 13:25,,,"{""session"":""ae01052da6c708d63fb04062375dfc0b6a7f29dee06b0db1bd0b9959b527e8db"",""viewport"":{""width"":1920,""height"":1080},""started_at"":""2017-06-22T17:18:39.073Z"",""user_agent"":""Mozilla/5.0 (Windows NT 6.3; Win64; x64) AppleWebKit/537.36 (KHTML, like Gecko) Chrome/58.0.3029.110 Safari/537.36"",""utc_offset"":""18000"",""finished_at"":""2017-06-22T17:18:41.050Z"",""live_project"":true,""user_language"":""en"",""subject_dimensions"":[{""clientWidth"":720,""clientHeight"":534,""naturalWidth"":720,""naturalHeight"":534}]}","[{""task"":""T0"",""task_label"":""Drag your finger to draw lines to mark the **width** and **length** of the microleaves in the image on the left. "",""value"":[]}]","{""8735431"":{""retired"":{""id"":5262704,""workflow_id"":3449,""classifications_count"":265,""created_at"":""2017-04-03T18:03:34.783Z"",""updated_at"":""2017-04-15T17:23:00.965Z"",""retired_at"":""2017-04-15T17:23:00.926Z"",""subject_id"":8735431,""retirement_reason"":""classification_count""},"""":"""",""latitude"":""-37.8228"",""longitude"":""178.28613"",""image_name"":""deLange_11688_F._rostrata_branch_10x_00077.jpg"",""collector_name"":""Peter de Lange"",""data_collected"":""May 13, 2005"",""other comments"":""On bark""}}",8735431
115006283,not-logged-in-e6dac9dc08c249e59599,,e6dac9dc08c249e59599,3449,Measure Leaves,5.8,2018-06-21 13:25,,,"{""session"":""ae01052da6c708d63fb04062375dfc0b6a7f29dee06b0db1bd0b9959b527e8db"",""viewport"":{""width"":1920,""height"":1080},""started_at"":""2017-06-22T17:20:43.441Z"",""user_agent"":""Mozilla/5.0 (Windows NT 6.3; Win64; x64) AppleWebKit/537.36 (KHTML, like Gecko) Chrome/58.0.3029.110 Safari/537.36"",""utc_offset"":""18000"",""finished_at"":""2017-06-22T17:21:28.715Z"",""live_project"":true,""user_language"":""en"",""subject_dimensions"":[{""clientWidth"":720,""clientHeight"":534,""naturalWidth"":720,""naturalHeight"":534}]}","[{""task"":""T0"",""task_label"":""Drag your finger to draw lines to mark the **width** and **length** of the microleaves in the image on the left. "",""value"":[{""x1"":457,""x2"":546,""y1"":381,""y2"":497,""tool"":0,""frame"":0,""details"":[],""tool_label"":""Leaf Ruler""},{""x1"":465,""x2"":547,""y1"":474,""y2"":419,""tool"":0,""frame"":0,""details"":[],""tool_label"":""Leaf Ruler""},{""x1"":183,""x2"":183,""y1"":380,""y2"":380,""tool"":0,""frame"":0,""details"":[],""tool_label"":""Leaf Ruler""},{""x1"":183,""x2"":306,""y1"":380,""y2"":489,""tool"":0,""frame"":0,""details"":[],""tool_label"":""Leaf Ruler""},{""x1"":221,""x2"":291,""y1"":470,""y2"":410,""tool"":0,""frame"":0,""details"":[],""tool_label"":""Leaf Ruler""},{""x1"":299,""x2"":442,""y1"":187,""y2"":92,""tool"":0,""frame"":0,""details"":[],""tool_label"":""Leaf Ruler""},{""x1"":354,""x2"":409,""y1"":98,""y2"":167,""tool"":0,""frame"":0,""details"":[],""tool_label"":""Leaf Ruler""},{""x1"":658,""x2"":530,""y1"":34,""y2"":151,""tool"":0,""frame"":0,""details"":[],""tool_label"":""Leaf Ruler""},{""x1"":577,""x2"":653,""y1"":42,""y2"":106,""tool"":0,""frame"":0,""details"":[],""tool_label"":""Leaf Ruler""},{""x1"":77,""x2"":218,""y1"":184,""y2"":104,""tool"":0,""frame"":0,""details"":[],""tool_label"":""Leaf Ruler""},{""x1"":134,""x2"":181,""y1"":95,""y2"":180,""tool"":0,""frame"":0,""details"":[],""tool_label"":""Leaf Ruler""}]}]","{""8735438"":{""retired"":{""id"":5261964,""workflow_id"":3449,""classifications_count"":250,""created_at"":""2017-04-03T17:20:26.096Z"",""updated_at"":""2017-04-19T15:55:10.679Z"",""retired_at"":""2017-04-19T15:55:10.667Z"",""subject_id"":8735438,""retirement_reason"":""classification_count""},"""":"""",""latitude"":""-54.97083333"",""longitude"":""-69.13055556"",""image_name"":""JE_26184_br_x100_00011.jpg"",""collector_name"":""John J. Engel"",""data_collected"":""Jan 19, 2005"",""other comments"":""On trunk of large Nothofagus betuloides.""}}",8735438
115006560,not-logged-in-e6dac9dc08c249e59599,,e6dac9dc08c249e59599,3449,Measure Leaves,5.8,2018-06-21 13:29,,,"{""session"":""9adf80e6e966d71a33a1c09e9530506df45092a33b60b81ab7925e221a412c7f"",""viewport"":{""width"":1920,""height"":1080},""started_at"":""2017-06-22T17:32:09.501Z"",""user_agent"":""Mozilla/5.0 (Windows NT 6.3; Win64; x64) AppleWebKit/537.36 (KHTML, like Gecko) Chrome/58.0.3029.110 Safari/537.36"",""utc_offset"":""18000"",""finished_at"":""2017-06-22T17:33:01.817Z"",""live_project"":true,""user_language"":""en"",""subject_dimensions"":[{""clientWidth"":720,""clientHeight"":534,""naturalWidth"":720,""naturalHeight"":534}]}","[{""task"":""T0"",""task_label"":""Drag your finger to draw lines to mark the **width** and **length** of the microleaves in the image on the left. "",""value"":[{""x1"":497,""x2"":556,""y1"":453,""y2"":431,""tool"":0,""frame"":0,""details"":[],""tool_label"":""Leaf Ruler""},{""x1"":518,""x2"":547,""y1"":390,""y2"":512,""tool"":0,""frame"":0,""details"":[],""tool_label"":""Leaf Ruler""},{""x1"":387,""x2"":444,""y1"":365,""y2"":345,""tool"":0,""frame"":0,""details"":[],""tool_label"":""Leaf Ruler""},{""x1"":408,""x2"":444,""y1"":315,""y2"":432,""tool"":0,""frame"":0,""details"":[],""tool_label"":""Leaf Ruler""},{""x1"":295,""x2"":350,""y1"":257,""y2"":239,""tool"":0,""frame"":0,""details"":[],""tool_label"":""Leaf Ruler""},{""x1"":307,""x2"":351,""y1"":211,""y2"":345,""tool"":0,""frame"":0,""details"":[],""tool_label"":""Leaf Ruler""},{""x1"":212,""x2"":275,""y1"":159,""y2"":156,""tool"":0,""frame"":0,""details"":[],""tool_label"":""Leaf Ruler""},{""x1"":243,""x2"":245,""y1"":108,""y2"":251,""tool"":0,""frame"":0,""details"":[],""tool_label"":""Leaf Ruler""},{""x1"":152,""x2"":158,""y1"":41,""y2"":172,""tool"":0,""frame"":0,""details"":[],""tool_label"":""Leaf Ruler""},{""x1"":117,""x2"":192,""y1"":90,""y2"":89,""tool"":0,""frame"":0,""details"":[],""tool_label"":""Leaf Ruler""}]}]","{""8735432"":{""retired"":{""id"":5264980,""workflow_id"":3449,""classifications_count"":1375,""created_at"":""2017-04-03T19:58:03.113Z"",""updated_at"":""2017-04-20T01:21:44.365Z"",""retired_at"":""2017-04-20T01:21:44.328Z"",""subject_id"":8735432,""retirement_reason"":""classification_count""},"""":"""",""latitude"":""-29.26666667"",""longitude"":""-177.9166667"",""image_name"":""Dna_F063_stem_100x_00106.jpg"",""collector_name"":""R.J. Stanley"",""data_collected"":""Dec 31, 2001"",""other comments"":""on fallen pohutukawa, with Metalejeunea""}}",8735432
115006711,not-logged-in-e6dac9dc08c249e59599,,e6dac9dc08c249e59599,3449,Measure Leaves,5.8,2018-06-21 13:31,,,"{""session"":""742cb993e500662e48b52c6d2357496e295027da796a047b5f60098e139d41bb"",""viewport"":{""width"":1920,""height"":1080},""started_at"":""2017-06-22T17:38:30.213Z"",""user_agent"":""Mozilla/5.0 (Windows NT 6.3; Win64; x64) AppleWebKit/537.36 (KHTML, like Gecko) Chrome/58.0.3029.110 Safari/537.36"",""utc_offset"":""18000"",""finished_at"":""2017-06-22T17:39:56.303Z"",""live_project"":true,""user_language"":""en"",""subject_dimensions"":[{""clientWidth"":720,""clientHeight"":534,""naturalWidth"":720,""naturalHeight"":534}]}","[{""task"":""T0"",""task_label"":""Drag your finger to draw lines to mark the **width** and **length** of the microleaves in the image on the left. "",""value"":[]}]","{""8735415"":{""retired"":{""id"":5262890,""workflow_id"":3449,""classifications_count"":266,""created_at"":""2017-04-03T18:15:51.727Z"",""updated_at"":""2017-04-16T16:59:25.611Z"",""retired_at"":""2017-04-16T16:59:25.591Z"",""subject_id"":8735415,""retirement_reason"":""classification_count""},"""":"""",""latitude"":""-55.03218"",""longitude"":""-69.61062"",""image_name"":""BS_14612_stem_100x_00217.jpg"",""collector_name"":""Blanka Shaw"",""data_collected"":""Jan 19, 2008"",""other comments"":""On bark""}}",8735415
